name,município,data_avist,estado,data_revis,status,geocodigo,latitude,longitude
Praia Atalaia Nova,Aracaju,2019-10-21,SE,2019-11-03,Oleada - Vestígios/Esparsos,2800308,-10.9240666666667,-37.0447944444444
Praia da Costa,Barra dos Coqueiros,2019-11-03,SE,2019-11-03,Oleada - Vestígios/Esparsos,2800605,-10.9032944444444,-36.9941361111111
Praia de Jatobá,Barra dos Coqueiros,2019-09-24,SE,2019-11-03,Oleada - Vestígios/Esparsos,2800605,-10.8043111111111,-36.9117111111111
Praia do Porto,Barra dos Coqueiros,2019-11-03,SE,2019-11-03,Oleada - Vestígios/Esparsos,2800605,-10.8668972222222,-36.9659805555556
Praia da Costa,Barra dos Coqueiros,2019-09-02,SE,2019-11-03,Oleada - Vestígios/Esparsos,2800605,-10.9251722222222,-37.0110166666667
Praia do Porto,Barra dos Coqueiros,2019-09-02,SE,2019-10-26,Óleo - Não Observado,2800605,-10.8452805555556,-36.9487916666667
Mangue,Itaporanga D'ajuda,2019-10-12,SE,2019-10-30,Oleada - Manchas,2803203,-11.1140277777778,-37.1680722222222
Mangue,Indiaroba,2019-10-12,SE,2019-10-30,Oleada - Vestígios/Esparsos,2802809,-11.4351277777778,-37.4073055555556
Praia do Saco (3),Estância,2019-11-04,SE,2019-11-05,Oleada - Vestígios/Esparsos,2802106,-11.4292416666667,-37.3390083333333
Foz do Rio São Francisco,Brejo Grande,2019-10-09,SE,2019-11-05,Óleo - Não Observado,2800704,-10.4919472222222,-36.4113194444444
Praia do Cabeço,Brejo Grande,2019-11-05,SE,2019-11-05,Oleada - Vestígios/Esparsos,2800704,-10.4951833333333,-36.4268222222222
Praia do Pirambu,Pirambu,2019-09-24,SE,2019-11-03,Oleada - Vestígios/Esparsos,2805307,-10.7385361111111,-36.8476138888889
Praia de Pontal do Peba (sul),Piaçabuçu,2019-11-04,AL,2019-11-04,Oleada - Vestígios/Esparsos,2706802,-10.3597305555556,-36.2983555555556
Piaçabuçu,Piaçabuçu,2019-10-01,AL,2019-11-01,Oleada - Manchas,2706802,-10.4402444444444,-36.3549666666667
Praia do Pontal do Peba (norte),Piaçabuçu,2019-10-05,AL,2019-11-02,Oleada - Vestígios/Esparsos,2706802,-10.3459805555556,-36.3012666666667
Praia de Flexeiras,Feliz Deserto,2019-11-05,AL,2019-11-05,Oleada - Vestígios/Esparsos,2702702,-10.3370972222222,-36.3031861111111
Praia de Flexeiras,Feliz Deserto,2019-10-21,AL,2019-11-04,Oleada - Vestígios/Esparsos,2702702,-10.3189833333333,-36.3009638888889
Praia do Gunga,Roteiro,2019-09-22,AL,NA,Oleada - Vestígios/Esparsos,2707800,-9.86557777777778,-35.9057944444444
Falésias do Gunga,Roteiro,2019-09-22,AL,2019-10-22,Oleada - Vestígios/Esparsos,2707800,-9.90435277777778,-35.9392944444444
Lagoa do Pau,Coruripe,2019-09-27,AL,2019-11-06,Oleada - Vestígios/Esparsos,2702306,-10.1289555555556,-36.1088555555556
Coruripe,Coruripe,2019-10-12,AL,2019-10-24,Oleada - Vestígios/Esparsos,2702306,-10.1725722222222,-36.1672611111111
Mangue da Foz do Rio Coruripe,Coruripe,2019-10-29,AL,NA,Oleada - Vestígios/Esparsos,2702306,-10.1590222222222,-36.1555111111111
Lagoa Azeda,Jequiá da Praia,2019-10-22,AL,2019-11-06,Oleada - Vestígios/Esparsos,2703759,-9.97488055555556,-35.9815666666667
Praia do Francês,Marechal Deodoro,2019-09-18,AL,2019-10-27,Óleo - Não Observado,2704708,-9.76736666666667,-35.8366527777778
Lot. Encontro do Mar,Marechal Deodoro,2019-09-21,AL,2019-10-27,Óleo - Não Observado,2704708,-9.78758611111111,-35.8543944444444
Praia Angra de Ipioca,Maceió,2019-11-05,AL,2019-11-05,Oleada - Vestígios/Esparsos,2704302,-9.49916666666667,-35.5745805555556
Pajuçara/Ponta Verde,Maceió,2019-09-15,AL,2019-11-01,Óleo - Não Observado,2704302,-9.66488888888889,-35.7034194444444
Praia de Guaxuma,Maceió,2019-10-25,AL,NA,Oleada - Vestígios/Esparsos,2704302,-9.59307777777778,-35.6685083333333
Ipioca,Maceió,2019-09-17,AL,2019-11-01,Óleo - Não Observado,2704302,-9.548025,-35.617275
Barra do Rio Santo Antônio,Barra de Santo Antônio,2019-10-13,AL,2019-10-24,Óleo - Não Observado,2700508,-9.41111388888889,-35.4969361111111
Barra do Santo Antônio,Barra de Santo Antônio,2019-10-13,AL,2019-10-15,Oleada - Manchas,2700508,-9.42813888888889,-35.5064583333333
Ilha da Croa,Barra de Santo Antônio,2019-10-13,AL,2019-10-30,Oleada - Vestígios/Esparsos,2700508,-9.38448611111111,-35.4924027777778
Praia do Barramar,Barra de São Miguel,2019-11-06,AL,2019-11-06,Oleada - Vestígios/Esparsos,2700607,-9.81786666666667,-35.8742861111111
Praia Bonita,Barra de São Miguel,2019-10-21,AL,2019-11-06,Oleada - Vestígios/Esparsos,2700607,-9.84443611111111,-35.8957083333333
Barra de São Miguel,Barra de São Miguel,2019-09-19,AL,2019-10-27,Oleada - Vestígios/Esparsos,2700607,-9.825675,-35.8789222222222
Praia de Lages,Porto de Pedras,2019-11-01,AL,2019-11-02,Óleo - Não Observado,2707404,-9.19633611111111,-35.3131444444444
Foz do rio Tatuamunha,Porto de Pedras,2019-10-22,AL,NA,Oleada - Vestígios/Esparsos,2707404,-9.22494166666667,-35.3321861111111
Praia do Boqueirão,Japaratinga,2019-11-05,AL,2019-11-05,Oleada - Vestígios/Esparsos,2703601,-9.13232777777778,-35.2842222222222
Barreira do Boqueirão,Japaratinga,2019-10-14,AL,2019-11-06,Óleo - Não Observado,2703601,-9.12599722222222,-35.279125
Praia de Bitingui,Japaratinga,2019-11-06,AL,2019-11-06,Oleada - Manchas,2703601,-9.12283888888889,-35.2711166666667
Praia do Pontal do Boqueirão,Japaratinga,2019-10-28,AL,2019-11-06,Oleada - Manchas,2703601,-9.14114722222222,-35.2867722222222
Praia de Japaratinga,Japaratinga,2019-11-03,AL,2019-11-03,Oleada - Vestígios/Esparsos,2703601,-9.09034166666667,-35.2570888888889
Foz do Rio Manguba,Japaratinga,2019-10-21,AL,2019-11-01,Oleada - Vestígios/Esparsos,2703601,-9.15630833333333,-35.2893
Praia de Japaratinga,Japaratinga,2019-10-16,AL,2019-11-03,Oleada - Vestígios/Esparsos,2703601,-9.08412777777778,-35.2510027777778
Praia de Bitingui,Japaratinga,2019-10-28,AL,2019-11-03,Oleada - Vestígios/Esparsos,2703601,-9.10723888888889,-35.2630833333333
Rio Persinunga,Maragogi,2019-10-29,AL,2019-11-05,Oleada - Vestígios/Esparsos,2704500,-8.90972222222222,-35.1518027777778
Barra Grande (norte),Maragogi,2019-10-16,AL,2019-11-06,Óleo - Não Observado,2704500,-8.91811666666667,-35.1537416666667
Praia de Peroba,Maragogi,2019-11-06,AL,2019-11-06,Oleada - Vestígios/Esparsos,2704500,-8.92545833333333,-35.1589305555556
Praia de Burgalhau,Maragogi,2019-10-21,AL,2019-11-06,Óleo - Não Observado,2704500,-8.99903333333333,-35.2072527777778
Praia de Maragogi,Maragogi,2019-11-01,AL,2019-11-06,Oleada - Vestígios/Esparsos,2704500,-9.00558055555556,-35.2137222222222
Manguezal do rio Maragogi,Maragogi,2019-11-01,AL,NA,Óleo - Não Observado,2704500,-9.02726944444444,-35.2257777777778
Praia de Peroba,Maragogi,2019-11-03,AL,2019-11-03,Oleada - Vestígios/Esparsos,2704500,-8.94941388888889,-35.1708944444444
Centro,Maragogi,2019-10-21,AL,2019-11-01,Oleada - Vestígios/Esparsos,2704500,-9.01256666666667,-35.2196333333333
Rio Salgado,Maragogi,2019-10-21,AL,2019-10-29,Oleada - Vestígios/Esparsos,2704500,-9.06232222222222,-35.2399
Praia do Camacho,Maragogi,2019-10-23,AL,2019-11-04,Óleo - Não Observado,2704500,-9.03149166666667,-35.2273583333333
Praia da Peroba,Maragogi,2019-10-18,AL,2019-11-03,Óleo - Não Observado,2704500,-8.93223333333333,-35.1651861111111
Ponta do Mangue,Maragogi,2019-10-16,AL,2019-10-21,Oleada - Vestígios/Esparsos,2704500,-8.95830555555556,-35.173325
Praia do Antunes,Maragogi,2019-10-16,AL,2019-11-03,Óleo - Não Observado,2704500,-8.97507222222222,-35.1802944444444
Barra dos Coqueiros,Maragogi,2019-10-20,AL,NA,Oleada - Vestígios/Esparsos,2704500,-8.96706111111111,-35.1760666666667
Paripueira,Paripueira,2019-09-22,AL,2019-11-01,Óleo - Não Observado,2706448,-9.46112222222222,-35.5391888888889
Praia do Morro de Camaragibe,Passo de Camaragibe,2019-10-21,AL,2019-11-01,Oleada - Vestígios/Esparsos,2706505,-9.32928611111111,-35.4386222222222
Praia do Carro Quebrado,Passo de Camaragibe,2019-09-18,AL,2019-11-01,Óleo - Não Observado,2706505,-9.34156388888889,-35.4481333333333
Praia do Marceneiro,Passo de Camaragibe,2019-10-26,AL,2019-10-31,Oleada - Vestígios/Esparsos,2706505,-9.29734444444444,-35.3946111111111
Barra de Santo Antônio,Passo de Camaragibe,2019-09-22,AL,2019-10-13,Oleada - Vestígios/Esparsos,2706505,-9.34850555555555,-35.4641777777778
Praia de Porto da Rua,São Miguel dos Milagres,2019-10-29,AL,2019-11-03,Óleo - Não Observado,2708709,-9.24388333333333,-35.347133333333304
Praia de Jacumã,Conde,2019-08-30,PB,2019-11-06,Óleo - Não Observado,2504603,-7.28030833333333,-34.7995083333333
Praia de Tambaba,Conde,2019-08-30,PB,2019-11-06,Óleo - Não Observado,2504603,-7.36958888888889,-34.7987333333333
Praia do Amor,Conde,2019-09-30,PB,2019-11-05,Óleo - Não Observado,2504603,-7.27180277777778,-34.8022972222222
Praia de Gramame,Conde,2019-08-30,PB,2019-11-05,Óleo - Não Observado,2504603,-7.25378611111111,-34.8059833333333
Praia de Tabatinga,Conde,2019-10-23,PB,2019-11-03,Oleada - Vestígios/Esparsos,2504603,-7.313825,-34.8019166666667
Praia do Bessa,João Pessoa,2019-11-06,PB,2019-11-06,Oleada - Vestígios/Esparsos,2507507,-7.07065833333333,-34.8342888888889
Praia do Cabo Branco,João Pessoa,2019-09-01,PB,2019-11-03,Óleo - Não Observado,2507507,-7.14324444444444,-34.8130944444444
Praia de Tambaú,João Pessoa,2019-09-01,PB,2019-11-03,Óleo - Não Observado,2507507,-7.11040277777778,-34.8232194444444
Praia de Campina,Rio Tinto,2019-09-07,PB,2019-10-31,Óleo - Não Observado,2512903,-6.8172,-34.9136888888889
Oiteiro,Rio Tinto,2019-09-07,PB,2019-10-04,Óleo - Não Observado,2512903,-6.83537222222222,-34.9106555555556
Lagoa de Praia,Rio Tinto,2019-09-07,PB,2019-10-04,Óleo - Não Observado,2512903,-6.80806666666667,-34.9149333333333
Barra do rio Camaratuba,Mataraca,2019-09-07,PB,2019-10-31,Óleo - Não Observado,2509305,-6.59516111111111,-34.9660194444444
Praia Bela,Pitimbu,2019-08-30,PB,2019-11-06,Óleo - Não Observado,2511905,-7.39643055555556,-34.8044083333333
Praia de Intermares,Cabedelo,2019-09-01,PB,2019-11-03,Óleo - Não Observado,2503209,-7.04614722222222,-34.8408027777778
Praia de Camboinha,Cabedelo,2019-09-01,PB,2019-10-01,Óleo - Não Observado,2503209,-7.00473888888889,-34.8258361111111
Praia do Poço,Cabedelo,2019-09-01,PB,2019-10-03,Óleo - Não Observado,2503209,-7.02268055555556,-34.8296611111111
Canoa Quebrada,Aracati,2019-10-23,CE,2019-11-06,Óleo - Não Observado,2301109,-4.51866666666667,-37.7087416666667
Praia da Majorlândia,Aracati,2019-10-24,CE,2019-11-06,Óleo - Não Observado,2301109,-4.55546666666667,-37.6690305555556
Quixaba,Aracati,2019-10-14,CE,2019-11-06,Óleo - Não Observado,2301109,-4.56885555555556,-37.6569388888889
Pontal de Maceió,Aracati,2019-09-28,CE,2019-11-04,Oleada - Vestígios/Esparsos,2301109,-4.423225,-37.7655333333333
Cumbe,Aracati,2019-10-26,CE,2019-11-03,Óleo - Não Observado,2301109,-4.46678333333333,-37.7448444444444
Praia do Diogo,Beberibe,2019-11-05,CE,2019-11-05,Oleada - Vestígios/Esparsos,2302206,-4.19828888888889,-38.0615111111111
Morro Branco,Beberibe,2019-09-07,CE,2019-11-05,Óleo - Não Observado,2302206,-4.15453888888889,-38.1061805555556
Praia da Barra de Sucatinga,Beberibe,2019-11-05,CE,2019-11-05,Oleada - Vestígios/Esparsos,2302206,-4.22265277777778,-38.0383777777778
Barra do Rio Pirangi,Beberibe,2019-11-04,CE,2019-11-04,Oleada - Vestígios/Esparsos,2302206,-4.37604722222222,-37.8569
Barra de Sucatinga,Beberibe,2019-09-08,CE,2019-11-04,Óleo - Não Observado,2302206,-4.25304166666667,-38.0045166666667
Caponga,Cascavel,2019-10-14,CE,2019-11-04,Óleo - Não Observado,2303501,-4.03733888888889,-38.200075
Praia da Barra Nova,Cascavel,2019-10-25,CE,2019-11-01,Óleo - Não Observado,2303501,-4.09349722222222,-38.1546138888889
Praia de Sabiaguaba,Fortaleza,2019-09-26,CE,2019-11-04,Óleo - Não Observado,2304400,-3.80210833333333,-38.4142027777778
Praia de Barreiras,Icapuí,2019-10-21,CE,2019-11-03,Óleo - Não Observado,2305357,-4.67672777777778,-37.39905
Praia de Quitérias,Icapuí,2019-11-01,CE,2019-11-03,Óleo - Não Observado,2305357,-4.74721666666667,-37.2852444444444
Praia de Cumbuco,Caucaia,2019-11-05,CE,2019-11-05,Oleada - Vestígios/Esparsos,2303709,-3.62533055555556,-38.72835
Praia de Cumbuco,Caucaia,2019-11-06,CE,2019-11-06,Oleada - Manchas,2303709,-3.62253888888889,-38.7370944444444
Praia de Cumbuco,Caucaia,2019-11-05,CE,2019-11-05,Oleada - Manchas,2303709,-3.61380833333333,-38.7531527777778
Praia de Taíba,São Gonçalo do Amarante,2019-09-23,CE,2019-10-18,Óleo - Não Observado,2312403,-3.512975,-38.8830694444444
Paracuru,Paracuru,2019-09-23,CE,2019-10-18,Oleada - Vestígios/Esparsos,2310209,-3.40395833333333,-39.0212333333333
Praia de Almofala,Itarema,2019-11-05,CE,2019-11-05,Oleada - Vestígios/Esparsos,2306553,-2.92983611111111,-39.826425
Praia da Lama,Barroquinha,2019-09-28,CE,2019-10-24,Óleo - Não Observado,2302057,-2.93878611111111,-41.321175
Malhada,Jijoca de Jericoacoara,2019-09-26,CE,2019-10-03,Óleo - Não Observado,2307254,-2.79111944444444,-40.5184638888889
Araripe,Santa Cruz Cabrália,2019-11-01,BA,2019-11-02,Oleada - Vestígios/Esparsos,2927705,-16.1737333333333,-38.9591444444444
Baixio,Esplanada,2019-10-07,BA,2019-10-26,Oleada - Vestígios/Esparsos,2910602,-12.1314555555556,-37.7053472222222
Mamucabo,Esplanada,2019-10-07,BA,2019-10-31,Oleada - Vestígios/Esparsos,2910602,-12.17095,-37.7290555555556
Costa Azul,Jandaíra,2019-10-14,BA,NA,Oleada - Vestígios/Esparsos,2917904,-11.6783944444444,-37.4802444444444
Praia do Forte,Mata de São João,2019-10-08,BA,2019-11-03,Óleo - Não Observado,2921005,-12.5706555555556,-37.9969527777778
Imbassaí,Mata de São João,2019-10-10,BA,2019-10-31,Oleada - Vestígios/Esparsos,2921005,-12.498975,-37.9592083333333
Rio Pojuca,Mata de São João,2019-10-13,BA,2019-11-04,Oleada - Vestígios/Esparsos,2921005,-12.5973277777778,-38.0306611111111
Foz do Rio Subauma,Entre Rios,2019-10-07,BA,2019-10-31,Oleada - Vestígios/Esparsos,2910503,-12.2261972222222,-37.762425
Praia de Massarandupio,Entre Rios,2019-10-11,BA,2019-10-29,Oleada - Vestígios/Esparsos,2910503,-12.3126583333333,-37.8279444444444
Praia de Itapororoca,Porto Seguro,2019-10-31,BA,2019-11-04,Oleada - Vestígios/Esparsos,2925303,-16.5564722222222,-39.086525
Praia do Taipe (Praia do Rio da Barra),Porto Seguro,2019-11-02,BA,NA,Oleada - Vestígios/Esparsos,2925303,-16.4536194444444,-39.0624305555556
Trancoso Itapororó,Porto Seguro,2019-10-31,BA,2019-11-01,Óleo - Não Observado,2925303,-16.6179555555556,-39.0932722222222
Barra do Jacuípe,Camaçari,2019-10-22,BA,2019-11-06,Oleada - Vestígios/Esparsos,2905701,-12.7048222222222,-38.1197333333333
Praia de Jauá,Camaçari,2019-10-18,BA,2019-11-03,Oleada - Vestígios/Esparsos,2905701,-12.8273444444444,-38.2230388888889
Guarajuba,Camaçari,2019-10-09,BA,2019-11-05,Óleo - Não Observado,2905701,-12.6482555555556,-38.0613055555556
Praia de Itacimirim,Camaçari,2019-10-09,BA,2019-11-02,Oleada - Vestígios/Esparsos,2905701,-12.6286555555556,-38.0454388888889
Arembepe,Camaçari,2019-10-10,BA,2019-11-03,Óleo - Não Observado,2905701,-12.7608611111111,-38.1667027777778
Praia do Japonês,Camaçari,2019-10-21,BA,2019-11-01,Óleo - Não Observado,2905701,-12.8397,-38.23485
Praia do Pontal da Barra,Nova Viçosa,2019-11-03,BA,2019-11-05,Óleo - Não Observado,2923001,-17.8991833333333,-39.3583333333333
Praia de Guaratiba,Prado,2019-11-04,BA,2019-11-05,Óleo - Não Observado,2925501,-17.4141,-39.2014416666667
Praia da Barra (Novo Prado),Prado,2019-11-04,BA,2019-11-04,Oleada - Manchas,2925501,-17.3351722222222,-39.2178111111111
Praia de Corumbau,Prado,2019-11-01,BA,2019-11-04,Oleada - Vestígios/Esparsos,2925501,-16.9363166666667,-39.1483611111111
Praia da Barra (Praia Zeloris),Alcobaça,2019-11-06,BA,2019-11-06,Oleada - Vestígios/Esparsos,2900801,-17.6232,-39.1808444444444
Praia de Dona Dinha,Alcobaça,2019-11-06,BA,2019-11-06,Oleada - Vestígios/Esparsos,2900801,-17.6613138888889,-39.1550166666667
Praia de Alcobaça (Praia do Centro),Alcobaça,2019-11-02,BA,2019-11-04,Óleo - Não Observado,2900801,-17.5411138888889,-39.190975
Praia de Siriba,Ilhéus,2019-10-20,BA,2019-11-03,Oleada - Vestígios/Esparsos,2913606,-14.9605361111111,-39.0063166666667
Praia de São Miguel,Ilhéus,2019-10-26,BA,2019-11-04,Óleo - Não Observado,2913606,-14.7573138888889,-39.0603916666667
Praia do quartel,Ilhéus,2019-11-03,BA,NA,Oleada - Vestígios/Esparsos,2913606,-14.7829861111111,-39.0335194444444
Praia de Jairí,Ilhéus,2019-10-21,BA,2019-11-02,Oleada - Vestígios/Esparsos,2913606,-14.9783,-39.0026888888889
Acuípe,Ilhéus,2019-10-22,BA,2019-10-28,Oleada - Vestígios/Esparsos,2913606,-15.0872222222222,-38.9971611111111
Praia da Coroinha,Itacaré,2019-11-01,BA,NA,Oleada - Vestígios/Esparsos,2914901,-14.2766083333333,-38.9957611111111
Praia do Pontal,Itacaré,2019-11-01,BA,NA,Oleada - Vestígios/Esparsos,2914901,-14.270325,-38.9934472222222
Itacaré,Itacaré,2019-10-19,BA,2019-10-28,Oleada - Manchas,2914901,-14.3833055555556,-39.0101
Barra Grande,Maraú,2019-10-18,BA,2019-11-03,Oleada - Vestígios/Esparsos,2920700,-13.8811777777778,-38.94415
Ponta da Folha,Maraú,2019-10-31,BA,NA,Oleada - Vestígios/Esparsos,2920700,-14.1388194444444,-38.9753666666667
Praia do Casssange,Maraú,2019-11-01,BA,NA,Oleada - Vestígios/Esparsos,2920700,-13.9997083333333,-38.9441361111111
Ponta do Contrato,Igrapiúna,2019-10-29,BA,NA,Oleada - Manchas,2913457,-13.8120666666667,-39.0553888888889
Praia de Pratigi,Ituberá,2019-11-05,BA,2019-11-05,Oleada - Vestígios/Esparsos,2917300,-13.7815305555556,-39.0006972222222
Sirinhaém,Ituberá,2019-10-26,BA,2019-11-03,Oleada - Vestígios/Esparsos,2917300,-13.790375,-38.9981277777778
Quinta Praia (Praia do Encanto),Cairu,2019-11-05,BA,2019-11-05,Oleada - Vestígios/Esparsos,2905404,-13.4359916666667,-38.9006833333333
Morro de São Paulo (terceira praia),Cairu,2019-10-21,BA,2019-11-06,Óleo - Não Observado,2905404,-13.3811305555556,-38.9060722222222
Quarta Praia,Cairu,2019-11-06,BA,2019-11-06,Oleada - Vestígios/Esparsos,2905404,-13.4090722222222,-38.9052305555556
Quarta Praia,Cairu,2019-11-03,BA,2019-11-05,Oleada - Vestígios/Esparsos,2905404,-13.3947805555556,-38.9069722222222
Praia de Cueira,Cairu,2019-10-28,BA,2019-11-02,Oleada - Vestígios/Esparsos,2905404,-13.5955333333333,-38.9081611111111
Praia do Pontal,Cairu,2019-10-27,BA,NA,Oleada - Vestígios/Esparsos,2905404,-13.578075,-38.9281305555556
Garapuá,Cairu,2019-10-22,BA,NA,Oleada - Vestígios/Esparsos,2905404,-13.4830194444444,-38.9175194444444
Praia de Guaibim,Valença,2019-10-24,BA,2019-11-05,Oleada - Vestígios/Esparsos,2932903,-13.2859222222222,-38.9633388888889
Bom Despacho,Itaparica,2019-10-18,BA,2019-10-28,Óleo - Não Observado,2916104,-12.9076361111111,-38.6301861111111
Praia da Armação,Salvador,2019-10-24,BA,2019-11-06,Óleo - Não Observado,2927408,-12.9893833333333,-38.4355138888889
Praia dos Artistas,Salvador,2019-10-11,BA,2019-11-06,Óleo - Não Observado,2927408,-12.9742055555556,-38.4141722222222
Praia de Piatã,Salvador,2019-11-06,BA,2019-11-06,Oleada - Vestígios/Esparsos,2927408,-12.9591194444444,-38.3917527777778
Praia do Corsário,Salvador,2019-10-11,BA,2019-11-03,Oleada - Vestígios/Esparsos,2927408,-12.9691083333333,-38.4066055555556
Praia de Guaiu,Belmonte,2019-11-01,BA,2019-11-04,Oleada - Vestígios/Esparsos,2903409,-16.0844638888889,-38.9465638888889
São José da Coroa Grande,São José da Coroa Grande,2019-09-25,PE,2019-11-03,Oleada - Vestígios/Esparsos,2613404,-8.86983611111111,-35.1318444444444
Várzea do Una,São José da Coroa Grande,2019-10-28,PE,2019-11-04,Óleo - Não Observado,2613404,-8.84501666666667,-35.1364333333333
Praia do Porto,Barreiros,2019-10-29,PE,2019-11-01,Oleada - Vestígios/Esparsos,2601409,-8.81144722222222,-35.12145
Ponta das Ilhotas,Tamandaré,2019-10-18,PE,2019-11-03,Óleo - Não Observado,2614857,-8.78360277777778,-35.1039805555556
Praia da Boca da Barra,Tamandaré,2019-11-01,PE,2019-11-04,Oleada - Vestígios/Esparsos,2614857,-8.77479722222222,-35.1062472222222
Carneiros,Tamandaré,2019-09-03,PE,2019-11-02,Oleada - Vestígios/Esparsos,2614857,-8.70634722222222,-35.0792666666667
Tamandaré,Tamandaré,2019-09-07,PE,2019-10-28,Oleada - Vestígios/Esparsos,2614857,-8.76606388888889,-35.1040916666667
Ponta da Gameleira,Sirinhaém,2019-10-18,PE,2019-11-06,Oleada - Vestígios/Esparsos,2614204,-8.66998055555556,-35.0704777777778
Praia de Guaiamum,Sirinhaém,2019-11-06,PE,2019-11-06,Oleada - Vestígios/Esparsos,2614204,-8.64403888888889,-35.068125
Praia da Barra de Sirinhaém,Sirinhaém,2019-11-06,PE,2019-11-06,Oleada - Vestígios/Esparsos,2614204,-8.62764166666667,-35.0595361111111
Praia da Barra de Sirinhaém,Sirinhaém,2019-10-25,PE,2019-11-04,Óleo - Não Observado,2614204,-8.61953611111111,-35.0551777777778
Praia de Porto de Galinhas,Ipojuca,2019-11-04,PE,2019-11-04,Óleo - Não Observado,2607208,-8.50143333333333,-35.0011777777778
Praia de Muro Alto,Ipojuca,2019-11-04,PE,2019-11-04,Oleada - Vestígios/Esparsos,2607208,-8.43476666666667,-34.9782277777778
Praia do Pontal de Maracaípe,Ipojuca,2019-10-28,PE,2019-11-03,Óleo - Não Observado,2607208,-8.52673055555556,-35.0067555555556
Praia de Gamboa,Ipojuca,2019-09-02,PE,NA,Oleada - Vestígios/Esparsos,2607208,-8.47556111111111,-34.9937083333333
Praia de Muro Alto,Ipojuca,2019-10-25,PE,2019-11-02,Óleo - Não Observado,2607208,-8.41706944444444,-34.9716805555556
Praia de Cambôa,Ipojuca,2019-11-04,PE,2019-11-04,Oleada - Vestígios/Esparsos,2607208,-8.48368888888889,-34.9979888888889
Porto de Galinhas,Ipojuca,2019-09-02,PE,2019-10-31,Oleada - Vestígios/Esparsos,2607208,-8.51031388888889,-35.0009555555556
Praia de Nossa Senhora do Ó,Ipojuca,2019-09-02,PE,2019-10-28,Oleada - Vestígios/Esparsos,2607208,-8.44339444444444,-34.9814944444444
Ilha do Francês/Suape,Ipojuca,2019-10-31,PE,NA,Oleada - Vestígios/Esparsos,2607208,-8.37689722222222,-34.9578916666667
Praia do Cupe,Ipojuca,2019-10-29,PE,2019-11-04,Óleo - Não Observado,2607208,-8.45210833333333,-34.9841388888889
Praia de Itapuama,Cabo de Santo Agostinho,2019-10-24,PE,2019-11-05,Oleada - Vestígios/Esparsos,2602902,-8.29414444444444,-34.95195
Praia da Enseada dos Corais,Cabo de Santo Agostinho,2019-10-24,PE,2019-11-05,Óleo - Não Observado,2602902,-8.31688888888889,-34.9480916666667
Praia de Gaibu,Cabo de Santo Agostinho,2019-10-24,PE,2019-11-05,Oleada - Vestígios/Esparsos,2602902,-8.33467222222222,-34.9492277777778
Praia do Paiva,Cabo de Santo Agostinho,2019-09-04,PE,2019-11-05,Oleada - Vestígios/Esparsos,2602902,-8.25905277777778,-34.9434444444444
Suape,Cabo de Santo Agostinho,2019-09-02,PE,2019-11-03,Oleada - Vestígios/Esparsos,2602902,-8.36125555555556,-34.9588527777778
Praia da Barra da Jangada,Jaboatão dos Guararapes,2019-11-04,PE,2019-11-04,Oleada - Vestígios/Esparsos,2607901,-8.22099444444444,-34.9229666666667
Barra da Jangada,Jaboatão dos Guararapes,2019-10-24,PE,2019-10-31,Óleo - Não Observado,2607901,-8.21298333333333,-34.9187111111111
Piedade,Jaboatão dos Guararapes,2019-09-03,PE,2019-11-02,Óleo - Não Observado,2607901,-8.17771666666667,-34.9160083333333
Candeias,Jaboatão dos Guararapes,2019-09-03,PE,2019-10-30,Oleada - Vestígios/Esparsos,2607901,-8.19539722222222,-34.9175861111111
Boa Viagem,Recife,2019-09-03,PE,2019-11-02,Óleo - Não Observado,2611606,-8.14326111111111,-34.9039527777778
Praia de Quatro Cantos,Ilha de Itamaracá,2019-10-25,PE,2019-10-31,Óleo - Não Observado,2607604,-7.74168888888889,-34.8238111111111
Pontal do Jaguaribe,Ilha de Itamaracá,2019-10-25,PE,2019-10-31,Óleo - Não Observado,2607604,-7.72517777777778,-34.8283527777778
Praia de Jaguaribe,Ilha de Itamaracá,2019-10-24,PE,2019-11-05,Óleo - Não Observado,2607604,-7.73260277777778,-34.8251527777778
Praia do Sossego,Ilha de Itamaracá,2019-10-28,PE,2019-11-05,Óleo - Não Observado,2607604,-7.70905277777778,-34.8333722222222
Praia Ponta de Pedras,Goiana,2019-09-07,PE,2019-11-04,Óleo - Não Observado,2606200,-7.63304444444444,-34.8116833333333
Praia de Dell Chifre,Olinda,2019-09-02,PE,2019-10-27,Óleo - Não Observado,2609600,-8.02765277777778,-34.8580111111111
Praia do Janga,Paulista,2019-09-02,PE,2019-11-04,Óleo - Não Observado,2610707,-7.92811666666667,-34.8205944444444
Conceição,Paulista,2019-09-02,PE,2019-10-30,Oleada - Vestígios/Esparsos,2610707,-7.87603055555556,-34.8312416666667
Maria Farinha,Paulista,2019-09-02,PE,2019-10-31,Óleo - Não Observado,2610707,-7.85826666666667,-34.8345833333333
Pau Amarelo,Paulista,2019-09-02,PE,2019-11-05,Óleo - Não Observado,2610707,-7.93705833333333,-34.8228583333333
Nossa Senhora do Ó,Paulista,2019-10-27,PE,NA,Oleada - Vestígios/Esparsos,2610707,-7.8923,-34.8235305555556
Sagi,Baía Formosa,2019-09-07,RN,2019-11-04,Oleada - Vestígios/Esparsos,2401404,-6.46699166666667,-34.9715055555556
Praia do Pontal,Baía Formosa,2019-10-27,RN,NA,Oleada - Vestígios/Esparsos,2401404,-6.32128055555556,-35.0344944444444
Foz do Rio Catu,Canguaretama,2019-09-12,RN,2019-11-05,Oleada - Vestígios/Esparsos,2402204,-6.28927777777778,-35.0345638888889
Barra do Cunhaú,Canguaretama,2019-09-10,RN,2019-11-04,Óleo - Não Observado,2402204,-6.29826388888889,-35.0331611111111
Pirambúzios,Nísia Floresta,2019-09-10,RN,2019-11-06,Óleo - Não Observado,2408201,-5.99260555555556,-35.1128611111111
Praia de Malembá,Nísia Floresta,2019-11-05,RN,2019-11-05,Oleada - Vestígios/Esparsos,2408201,-6.14023888888889,-35.0984638888889
Praia de Barreta,Nísia Floresta,2019-11-03,RN,2019-11-06,Oleada - Vestígios/Esparsos,2408201,-6.11296111111111,-35.1000416666667
Camurupim,Nísia Floresta,2019-09-10,RN,2019-11-05,Óleo - Não Observado,2408201,-6.07744166666667,-35.1006194444444
Praia de Barra de Tabatinga,Nísia Floresta,2019-11-05,RN,2019-11-05,Oleada - Vestígios/Esparsos,2408201,-6.05611944444444,-35.100225
Praia de Búzios,Nísia Floresta,2019-11-05,RN,2019-11-05,Oleada - Vestígios/Esparsos,2408201,-6.02575,-35.10965
Praia de Búzios,Nísia Floresta,2019-09-11,RN,2019-11-06,Óleo - Não Observado,2408201,-6.01670555555556,-35.108175
Pirangi do Sul,Nísia Floresta,2019-09-11,RN,2019-11-03,Oleada - Vestígios/Esparsos,2408201,-5.98539722222222,-35.1171
Barreta,Nísia Floresta,2019-09-10,RN,2019-11-05,Óleo - Não Observado,2408201,-6.12190833333333,-35.0988361111111
Barra de Tabatinga,Nísia Floresta,2019-09-10,RN,2019-11-05,Óleo - Não Observado,2408201,-6.06123611111111,-35.0973138888889
Ponta da Ilha Verde,Nísia Floresta,2019-09-12,RN,2019-10-26,Oleada - Vestígios/Esparsos,2408201,-6.00850277777778,-35.1062972222222
Jenipabu,Extremoz,2019-09-20,RN,2019-11-06,Óleo - Não Observado,2403608,-5.69284166666667,-35.2061777777778
Barra do Rio,Extremoz,2019-09-20,RN,2019-11-06,Óleo - Não Observado,2403608,-5.67756666666667,-35.2164055555556
Praia de Pitangui,Extremoz,2019-10-22,RN,2019-11-05,Óleo - Não Observado,2403608,-5.61879722222222,-35.2272638888889
Praia de Santa Rita,Extremoz,2019-09-20,RN,2019-11-05,Óleo - Não Observado,2403608,-5.70045833333333,-35.1938916666667
Praia de Graçandu,Extremoz,2019-10-28,RN,NA,Oleada - Vestígios/Esparsos,2403608,-5.651,-35.2176388888889
Praia de Rendinha Nova,Extremoz,2019-10-23,RN,2019-10-28,Oleada - Vestígios/Esparsos,2403608,-5.71706666666667,-35.2000638888889
Praia de Porto Mirim,Ceará-Mirim,2019-10-27,RN,2019-11-06,Óleo - Não Observado,2402600,-5.56428333333333,-35.2390138888889
Jacumã,Ceará-Mirim,2019-09-11,RN,2019-11-05,Óleo - Não Observado,2402600,-5.58308611111111,-35.2265277777778
Praia de Caraúbas,Maxaranguape,2019-09-15,RN,2019-11-06,Óleo - Não Observado,2407500,-5.46100833333333,-35.2877944444444
Ponta de Maracajaú,Maxaranguape,2019-09-17,RN,2019-11-03,Óleo - Não Observado,2407500,-5.427625,-35.2960805555556
Cabo de São Roque,Maxaranguape,2019-09-14,RN,2019-11-05,Óleo - Não Observado,2407500,-5.48967222222222,-35.2606222222222
Praia de Barra de Maxaranguape,Maxaranguape,2019-10-21,RN,2019-11-03,Óleo - Não Observado,2407500,-5.51590833333333,-35.2576222222222
Maracajaú,Maxaranguape,2019-09-10,RN,2019-10-29,Óleo - Não Observado,2407500,-5.40811111111111,-35.3111611111111
Muriú,Maxaranguape,2019-09-12,RN,2019-11-03,Óleo - Não Observado,2407500,-5.52062777777778,-35.2512416666667
Praia de Zumbi,Rio do Fogo,2019-09-11,RN,2019-11-06,Oleada - Vestígios/Esparsos,2408953,-5.31976944444444,-35.3634916666667
Rio Punaú,Rio do Fogo,2019-09-11,RN,2019-10-09,Oleada - Vestígios/Esparsos,2408953,-5.34667777777778,-35.3592111111111
Praia Carnaubinhas,Touros,2019-10-21,RN,2019-11-05,Óleo - Não Observado,2414407,-5.20171666666667,-35.4514888888889
Perobas,Touros,2019-09-11,RN,2019-11-06,Óleo - Não Observado,2414407,-5.25493888888889,-35.3909555555556
Praia de Touros,Touros,2019-09-14,RN,2019-11-03,Óleo - Não Observado,2414407,-5.19058333333333,-35.4633694444444
Praia do Calcanhar,Touros,2019-09-14,RN,2019-10-27,Óleo - Não Observado,2414407,-5.16250555555556,-35.485025
Cotolelo,Parnamirim,2019-09-11,RN,2019-11-05,Óleo - Não Observado,2403251,-5.96202222222222,-35.1476833333333
Pirangi do Norte,Parnamirim,2019-09-11,RN,2019-11-06,Oleada - Vestígios/Esparsos,2403251,-5.97240277777778,-35.126625
Foz do Rio Pirangi/Pium,Parnamirim,2019-09-11,RN,2019-11-06,Oleada - Vestígios/Esparsos,2403251,-5.98056388888889,-35.1223333333333
Barreira do Inferno,Parnamirim,2019-09-11,RN,2019-09-23,Óleo - Não Observado,2403251,-5.93571388888889,-35.1544861111111
Praia do Giz,Tibau do Sul,2019-09-10,RN,2019-11-05,Oleada - Vestígios/Esparsos,2414209,-6.185325,-35.0888194444444
Praia do Madeiro,Tibau do Sul,2019-10-28,RN,2019-11-05,Oleada - Vestígios/Esparsos,2414209,-6.22281944444444,-35.0672083333333
Praia de Cacimbinhas,Tibau do Sul,2019-10-24,RN,2019-10-28,Oleada - Vestígios/Esparsos,2414209,-6.20303333333333,-35.0812694444444
Sibaúma/Das Minas,Tibau do Sul,2019-09-11,RN,2019-11-04,Oleada - Vestígios/Esparsos,2414209,-6.26326666666667,-35.0379944444444
Pipa,Tibau do Sul,2019-09-10,RN,2019-11-04,Óleo - Não Observado,2414209,-6.22802222222222,-35.0511611111111
Pirambu,Tibau do Sul,2019-09-10,RN,2019-10-02,Oleada - Vestígios/Esparsos,2414209,-6.19074444444444,-35.0844722222222
Praia do Amor,Tibau do Sul,2019-09-10,RN,2019-10-27,Oleada - Vestígios/Esparsos,2414209,-6.22874166666667,-35.0428333333333
Praia de Malembá,Senador Georgino Avelino,2019-11-01,RN,2019-11-05,Óleo - Não Observado,2413201,-6.17602777777778,-35.0961944444444
Lagoa Guaraíras,Senador Georgino Avelino,2019-10-30,RN,2019-11-05,Óleo - Não Observado,2413201,-6.18091388888889,-35.0926277777778
Praia do Gado Bravo,Tibau,2019-10-25,RN,2019-10-29,Oleada - Vestígios/Esparsos,2411056,-4.87942777777778,-37.2239222222222
Praia do Forte,Natal,2019-09-17,RN,2019-11-06,Óleo - Não Observado,2408102,-5.766225,-35.1948361111111
Redinha,Natal,2019-09-20,RN,2019-11-06,Óleo - Não Observado,2408102,-5.75245277777778,-35.2011861111111
Praia de Areia Preta,Natal,2019-09-17,RN,2019-11-04,Oleada - Vestígios/Esparsos,2408102,-5.79022777777778,-35.1875888888889
Ponta Negra,Natal,2019-09-14,RN,2019-11-03,Óleo - Não Observado,2408102,-5.87615555555556,-35.1759305555556
Praia de Alagamar,Natal,2019-09-24,RN,2019-09-24,Oleada - Vestígios/Esparsos,2408102,-5.89188055555556,-35.15425
Via Costeira,Natal,2019-09-07,RN,2019-11-04,Oleada - Vestígios/Esparsos,2408102,-5.81289166666667,-35.1823722222222
Praia do Barro Vermelho,Paulino Neves,2019-09-21,MA,2019-09-28,Óleo - Não Observado,2108058,-2.65186666666667,-42.6107583333333
Travosa,Santo Amaro do Maranhão,2019-09-25,MA,2019-11-03,Óleo - Não Observado,2110278,-2.405575,-43.1349194444444
Santo Amaro do Maranhão,Santo Amaro do Maranhão,2019-09-25,MA,2019-10-20,Oleada - Vestígios/Esparsos,2110278,-2.34246111111111,-43.3495666666667
Av. Litorânea,São Luís,2019-09-26,MA,2019-11-03,Óleo - Não Observado,2111300,-2.47877777777778,-44.2430527777778
Praia Canto do Atins,Barreirinhas,2019-09-22,MA,2019-09-28,Óleo - Não Observado,2101707,-2.54462777777778,-42.8296444444444
Atins,Barreirinhas,2019-09-20,MA,2019-09-28,Óleo - Não Observado,2101707,-2.56673611111111,-42.7494027777778
Ilha do Livramento,Alcântara,2019-09-25,MA,2019-10-17,Óleo - Não Observado,2100204,-2.41785,-44.4224361111111
Praia da Mamuna,Alcântara,2019-09-25,MA,2019-10-17,Óleo - Não Observado,2100204,-2.262425,-44.3858444444444
Praia de Itatinga,Alcântara,2019-09-22,MA,2019-10-17,Óleo - Não Observado,2100204,-2.41185,-44.3943305555556
Ilha dos Namorados,Aracaju,2019-11-05,SE,2019-11-05,Oleada - Manchas,2800308,-11.1544444444444,-37.1593611111111
Tecarmo,Aracaju,2019-11-03,SE,2019-11-03,Oleada - Vestígios/Esparsos,2800308,-11.0156444444444,-37.0675611111111
Praia de Coroa do Meio,Aracaju,2019-10-16,SE,2019-11-06,Oleada - Vestígios/Esparsos,2800308,-10.9660861111111,-37.0302
Praia de Aruana,Aracaju,2019-11-06,SE,2019-11-06,Oleada - Vestígios/Esparsos,2800308,-11.0011,-37.0562611111111
Praia dos Náufragos,Aracaju,2019-11-05,SE,2019-11-05,Oleada - Vestígios/Esparsos,2800308,-11.0307638888889,-37.0781166666667
Atalaia,Aracaju,2019-10-02,SE,2019-11-02,Oleada - Vestígios/Esparsos,2800308,-10.98185,-37.0368361111111
Viral,Aracaju,2019-10-20,SE,2019-10-28,Oleada - Vestígios/Esparsos,2800308,-11.1344777777778,-37.1559472222222
Praia de Aruanã,Aracaju,2019-10-15,SE,2019-11-06,Oleada - Vestígios/Esparsos,2800308,-11.1075861111111,-37.1290527777778
Praia dos Náufragos,Aracaju,2019-10-29,SE,2019-11-01,Oleada - Vestígios/Esparsos,2800308,-11.1319888888889,-37.1418111111111
Praia da Prainha,Aquiraz,2019-09-10,CE,2019-11-04,Óleo - Não Observado,2301000,-3.89936388888889,-38.3481055555556
Barra dos Coqueiros,Barra dos Coqueiros,2019-09-24,SE,2019-10-17,Oleada - Vestígios/Esparsos,2800605,-10.9407944444444,-37.0206527777778
Atalaia Nova,Barra dos Coqueiros,2019-09-02,SE,2019-10-30,Oleada - Vestígios/Esparsos,2800605,-10.9495583333333,-37.0261027777778
Praia da Costa,Canavieiras,2019-11-05,BA,2019-11-05,Oleada - Manchas,2906303,-15.705425,-38.925475
Praia da Costa,Canavieiras,2019-10-28,BA,2019-10-31,Oleada - Manchas,2906303,-15.6701583333333,-38.9343944444444
Praia do Futuro,Fortaleza,2019-10-06,CE,2019-11-04,Óleo - Não Observado,2304400,-3.74661388888889,-38.4467916666667
Praia de Atalaia (Barra Sul de Canavieiras),Canavieiras,2019-11-05,BA,2019-11-05,Oleada - Vestígios/Esparsos,2906303,-15.6878611111111,-38.9292722222222
Ilha de Comandatuba (Barra Norte e Barra Sul),Una,2019-10-30,BA,2019-11-02,Oleada - Manchas,2932507,-15.3409055555556,-38.9815
Praia do Arrombado,Luís Correia,2019-09-27,PI,2019-09-27,Óleo - Não Observado,2205706,-2.91119722222222,-41.5221888888889
Atalaia,Luís Correia,2019-09-30,PI,2019-11-06,Óleo - Não Observado,2205706,-2.88331111111111,-41.6378888888889
Praia de Lençóis,Ilhéus,2019-11-03,BA,2019-11-03,Oleada - Vestígios/Esparsos,2913606,-15.0688,-38.9970111111111
Praia do Sul,Ilhéus,2019-10-28,BA,2019-11-01,Oleada - Vestígios/Esparsos,2913606,-14.9094888888889,-39.0209583333333
Lagoinha,Paraipaba,2019-10-01,CE,2019-10-18,Oleada - Vestígios/Esparsos,2310258,-3.34711388888889,-39.1152555555556
Praia Peito de Moça,Luís Correia,2019-09-30,PI,NA,Óleo - Não Observado,2205706,-2.904,-41.5979277777778
São Domingos,Ilhéus,2019-11-03,BA,2019-11-04,Óleo - Não Observado,2913606,-14.7116694444444,-39.06535
Praia do Coqueiro,Luís Correia,2019-09-30,PI,2019-11-06,Óleo - Não Observado,2205706,-2.90348055555556,-41.5719944444444
Praia Jóia do Atlântico,Ilhéus,2019-10-31,BA,NA,Oleada - Vestígios/Esparsos,2913606,-14.6388222222222,-39.0650638888889
Luís Correia,Luís Correia,2019-09-30,PI,2019-11-04,Óleo - Não Observado,2205706,-2.90038888888889,-41.6063416666667
Praia de Mamoã,Ilhéus,2019-11-04,BA,2019-11-04,Oleada - Vestígios/Esparsos,2913606,-14.5683944444444,-39.0482166666667
Praia de Ponta da Tulha,Ilhéus,2019-10-28,BA,2019-11-04,Oleada - Vestígios/Esparsos,2913606,-14.5948111111111,-39.0542027777778
Barra Grande (sul),Maragogi,2019-10-17,AL,2019-11-05,Óleo - Não Observado,2704500,-8.99292222222222,-35.2005444444444
Praia de Cururupe,Ilhéus,2019-10-27,BA,2019-11-02,Oleada - Manchas,2913606,-14.8835388888889,-39.0236583333333
Praia Pé de Serra,Ilhéus,2019-10-28,BA,2019-10-30,Oleada - Vestígios/Esparsos,2913606,-14.5158333333333,-39.0359861111111
Praia de Bitupitá,Barroquinha,2019-10-21,CE,2019-11-03,Óleo - Não Observado,2302057,-2.88732777777778,-41.2694666666667
Praia Jóia do Atlântico,Ilhéus,2019-10-31,BA,NA,Oleada - Vestígios/Esparsos,2913606,-14.6354111111111,-39.0656805555556
Praia do Pontal,Parnaíba,2019-10-29,PI,2019-10-31,Oleada - Vestígios/Esparsos,2207702,-2.77083055555556,-41.7768527777778
Praia da Avenida,Ilhéus,2019-10-29,BA,2019-10-30,Oleada - Vestígios/Esparsos,2913606,-14.7925055555556,-39.0289027777778
Pedra do Sal,Parnaíba,2019-09-30,PI,2019-10-27,Óleo - Não Observado,2207702,-2.80688888888889,-41.7264638888889
Praia da Ponta do Ramo,Ilhéus,2019-10-29,BA,NA,Oleada - Vestígios/Esparsos,2913606,-14.5338,-39.0367083333333
Praia dos Milionários,Ilhéus,2019-10-21,BA,2019-10-27,Oleada - Vestígios/Esparsos,2913606,-14.8403722222222,-39.0252916666667
Praia Engenhoca,Itacaré,2019-10-28,BA,NA,Oleada - Manchas,2914901,-14.3536166666667,-39.0013972222222
Praia da Ribeira,Itacaré,2019-10-30,BA,2019-11-03,Óleo - Não Observado,2914901,-14.291575,-38.9830888888889
Praia de Saquaíra,Maraú,2019-10-24,BA,2019-11-03,Oleada - Vestígios/Esparsos,2920700,-14.0174694444444,-38.9442777777778
Ilha de Santo Aleixo,Sirinhaém,2019-10-19,PE,2019-10-30,Oleada - Vestígios/Esparsos,2614204,-8.61215555555555,-35.0231361111111
Panelas,Maraú,2019-10-31,BA,NA,Oleada - Vestígios/Esparsos,2920700,-13.9647111111111,-38.9344555555556
Arandi-Algodões,Maraú,2019-10-29,BA,2019-11-02,Oleada - Vestígios/Esparsos,2920700,-14.0697638888889,-38.9554444444444
Taipu de Fora,Maraú,2019-10-20,BA,2019-11-03,Oleada - Vestígios/Esparsos,2920700,-13.9384361111111,-38.9286333333333
Praia de Piracanga,Maraú,2019-10-31,BA,2019-11-02,Oleada - Vestígios/Esparsos,2920700,-14.2077777777778,-38.9912611111111
Praia de Aibim,Maraú,2019-11-04,BA,2019-11-04,Oleada - Vestígios/Esparsos,2920700,-14.1654083333333,-38.979025
Ilha Quiepe,Igrapiúna,2019-11-01,BA,NA,Oleada - Manchas,2913457,-13.837,-38.9394583333333
Barra dos Carvalhos,Nilo Peçanha,2019-10-25,BA,NA,Oleada - Vestígios/Esparsos,2922607,-13.6904722222222,-38.9657416666667
Praia de Bainema,Cairu,2019-10-25,BA,2019-11-01,Oleada - Vestígios/Esparsos,2905404,-13.6185222222222,-38.9046611111111
Moreré,Cairu,2019-11-02,BA,NA,Oleada - Vestígios/Esparsos,2905404,-13.6493111111111,-38.8922083333333
Praia do Forte Orange,Ilha de Itamaracá,2019-09-02,PE,2019-11-05,Óleo - Não Observado,2607604,-7.81103611111111,-34.8386222222222
Praia da Ponta dos Castelhanos,Cairu,2019-10-31,BA,NA,Oleada - Vestígios/Esparsos,2905404,-13.6605972222222,-38.8956833333333
Praia de Campina,Cabedelo,2019-11-06,PB,2019-11-06,Oleada - Vestígios/Esparsos,2503209,-7.03801388888889,-34.8365083333333
Praia de Moreré,Cairu,2019-10-28,BA,2019-11-01,Oleada - Vestígios/Esparsos,2905404,-13.5933611111111,-38.9010888888889
Praia Formosa,Cabedelo,2019-09-01,PB,2019-11-06,Óleo - Não Observado,2503209,-6.96830277777778,-34.8299444444444
Praia Berlinque,Vera Cruz,2019-11-02,BA,2019-11-06,Óleo - Não Observado,2933208,-13.1222055555556,-38.7678416666667
Praia de Barra Grande,Vera Cruz,2019-10-19,BA,2019-11-05,Oleada - Vestígios/Esparsos,2933208,-13.0442083333333,-38.6787194444444
Praia da Ponta da Baleia,Caravelas,2019-11-01,BA,NA,Oleada - Vestígios/Esparsos,2906907,-17.7048805555556,-39.1506944444444
Praia de Guaibim,Valença,2019-11-05,BA,2019-11-05,Oleada - Manchas,2932903,-13.2682444444444,-38.9585972222222
Catuama,Goiana,2019-09-07,PE,2019-11-04,Óleo - Não Observado,2606200,-7.68251111111111,-34.8346027777778
Ilha Redonda (abrolhos),Caravelas,2019-11-04,BA,2019-11-04,Oleada - Vestígios/Esparsos,2906907,-17.9683277777778,-38.7111972222222
Praia do Garcez,Jaguaripe,2019-10-24,BA,2019-10-30,Óleo - Não Observado,2917805,-13.2136472222222,-38.9109388888889
Caixa Prego,Vera Cruz,2019-10-18,BA,2019-11-05,Óleo - Não Observado,2933208,-13.1294416666667,-38.7857194444444
Ilha Caçacueira,Cururupu,2019-10-10,MA,2019-11-02,Óleo - Não Observado,2103703,-1.48120833333333,-44.7459833333333
Praia de Jaburu,Vera Cruz,2019-10-17,BA,2019-11-04,Óleo - Não Observado,2933208,-12.9601833333333,-38.6051694444444
Praia do Grauçá,Caravelas,2019-11-03,BA,2019-11-04,Oleada - Vestígios/Esparsos,2906907,-17.7344166666667,-39.1857472222222
Ilha de Santa Bárbara,Caravelas,2019-11-02,BA,2019-11-05,Oleada - Vestígios/Esparsos,2906907,-17.9627527777778,-38.69455
Praia Vilas do Atlântico,Lauro de Freitas,2019-10-11,BA,2019-10-16,Óleo - Não Observado,2919207,-12.8954944444444,-38.2922861111111
Ondina,Salvador,2019-10-19,BA,2019-11-04,Óleo - Não Observado,2927408,-13.0113861111111,-38.514425
Rio Vermelho,Salvador,2019-10-17,BA,2019-11-06,Oleada - Vestígios/Esparsos,2927408,-13.0135611111111,-38.4920083333333
Praia de Arakakaí,Santa Cruz Cabrália,2019-10-31,BA,2019-11-05,Óleo - Não Observado,2927705,-16.2923666666667,-39.0227416666667
Praia Jardim dos Namorados,Salvador,2019-10-16,BA,2019-11-04,Óleo - Não Observado,2927408,-13.0044805555556,-38.4519888888889
Praia de Arakakaí,Santa Cruz Cabrália,2019-11-04,BA,2019-11-05,Óleo - Não Observado,2927705,-16.1895611111111,-38.9668083333333
Praia de Stella Maris,Salvador,2019-11-01,BA,2019-11-05,Óleo - Não Observado,2927408,-12.9366333333333,-38.326425
Amaralina,Salvador,2019-10-17,BA,2019-11-05,Óleo - Não Observado,2927408,-13.0149333333333,-38.4714916666667
Jardim de Alah,Salvador,2019-10-16,BA,2019-11-06,Óleo - Não Observado,2927408,-12.9995944444444,-38.4465555555556
Foz do Rio Inhampube,Esplanada,2019-10-07,BA,2019-10-30,Oleada - Vestígios/Esparsos,2910602,-12.0999166666667,-37.6869333333333
Pedra do Sal,Salvador,2019-10-16,BA,2019-11-06,Óleo - Não Observado,2927408,-12.9529,-38.3464166666667
Itariri,Conde,2019-10-05,BA,2019-11-05,Oleada - Vestígios/Esparsos,2908606,-11.9686083333333,-37.6192861111111
Praia de Ipitanga,Salvador,2019-10-21,BA,2019-11-05,Óleo - Não Observado,2927408,-12.9169972222222,-38.3092916666667
Ilha dos Poldros,Araioses,2019-09-16,MA,2019-10-30,Oleada - Manchas,2100907,-2.72321111111111,-41.8550805555556
Ilha dos Poldros,Araioses,2019-09-20,MA,2019-09-28,Óleo - Não Observado,2100907,-2.73815277777778,-41.7949333333333
Praia da Paciência,Salvador,2019-10-17,BA,NA,Oleada - Vestígios/Esparsos,2927408,-13.0122472222222,-38.4992555555556
Praia de Poças,Conde,2019-10-20,BA,2019-11-03,Oleada - Vestígios/Esparsos,2908606,-11.8101916666667,-37.5444083333333
Pituba,Salvador,2019-10-16,BA,2019-11-03,Óleo - Não Observado,2927408,-13.0110833333333,-38.4652361111111
Caueira,Itaporanga D'ajuda,2019-10-03,SE,2019-11-02,Oleada - Vestígios/Esparsos,2803203,-11.2201305555556,-37.2045083333333
Praia de Siribinha,Conde,2019-10-29,BA,2019-11-04,Oleada - Vestígios/Esparsos,2908606,-11.7680611111111,-37.5259277777778
Sítio do Conde,Conde,2019-10-04,BA,2019-11-01,Oleada - Manchas,2908606,-11.8520722222222,-37.5635138888889
Praia Caueira,Itaporanga D'ajuda,2019-11-04,SE,2019-11-04,Óleo - Não Observado,2803203,-11.2071416666667,-37.1918583333333
Jandaíra,Jandaíra,2019-10-04,BA,2019-10-05,Oleada - Manchas,2917904,-11.5648555555556,-37.4232666666667
Coqueirinho,Itaporanga D'ajuda,2019-10-30,SE,2019-10-31,Oleada - Vestígios/Esparsos,2803203,-11.1802611111111,-37.1665972222222
Praia do Mar Moreno,Belmonte,2019-11-02,BA,2019-11-02,Óleo - Não Observado,2903409,-15.8556416666667,-38.8579222222222
Barra do Rio Mamanguape,Rio Tinto,2019-09-07,PB,2019-10-31,Óleo - Não Observado,2512903,-6.77118333333333,-34.92375
Conde,Jandaíra,2019-10-05,BA,2019-10-05,Oleada - Vestígios/Esparsos,2917904,-11.7423583333333,-37.5160722222222
Mangue Seco,Jandaíra,2019-10-04,BA,2019-10-28,Oleada - Vestígios/Esparsos,2917904,-11.4619388888889,-37.3513972222222
Praia de Mogiquiçaba,Belmonte,2019-11-04,BA,2019-11-05,Óleo - Não Observado,2903409,-16.0898805555556,-38.9507027777778
Costa do Sauípe,Mata de São João,2019-10-20,BA,2019-11-05,Oleada - Vestígios/Esparsos,2921005,-12.4398361111111,-37.916775
Praia de Barra Velha,Belmonte,2019-10-29,BA,2019-10-30,Óleo - Não Observado,2903409,-15.8160055555556,-38.8701277777778
Santo Antônio,Mata de São João,2019-10-01,BA,2019-10-25,Oleada - Vestígios/Esparsos,2921005,-12.4608972222222,-37.9334277777778
Dunas (sul),Estância,2019-11-04,SE,2019-11-04,Oleada - Vestígios/Esparsos,2802106,-11.3990166666667,-37.3117277777778
Baía Formosa,Baía Formosa,2019-09-07,RN,2019-11-06,Óleo - Não Observado,2401404,-6.36791388888889,-35.0023027777778
Abais,Estância,2019-09-03,SE,2019-11-02,Oleada - Vestígios/Esparsos,2802106,-11.3071972222222,-37.2719305555556
Porto de Sauípe,Entre Rios,2019-10-09,BA,2019-10-30,Oleada - Manchas,2910503,-12.3886722222222,-37.8794
Praia do Saco (1),Estância,2019-09-03,SE,2019-11-04,Óleo - Não Observado,2802106,-11.3905527777778,-37.3095416666667
Praia de Ponta dos Mangues,Pacatuba,2019-09-24,SE,2019-11-03,Oleada - Vestígios/Esparsos,2804904,-10.5743805555556,-36.5846416666667
Dunas (norte),Estância,2019-11-04,SE,2019-11-04,Oleada - Vestígios/Esparsos,2802106,-11.3316833333333,-37.2841972222222
Praia de Mucugê,Porto Seguro,2019-10-31,BA,2019-11-01,Oleada - Vestígios/Esparsos,2925303,-16.4953694444444,-39.0686444444444
Praia do Saco (2),Estância,2019-11-02,SE,NA,Oleada - Vestígios/Esparsos,2802106,-11.4255305555556,-37.3178055555556
Praia de Taperapuã,Porto Seguro,2019-11-04,BA,2019-11-05,Oleada - Vestígios/Esparsos,2925303,-16.4205111111111,-39.0532666666667
Ilha da Costinha,Brejo Grande,2019-11-05,SE,2019-11-05,Oleada - Vestígios/Esparsos,2800704,-10.5188916666667,-36.4400555555556
Praia de Itaquena,Porto Seguro,2019-11-02,BA,NA,Oleada - Vestígios/Esparsos,2925303,-16.6517527777778,-39.0952333333333
Foz do Rio São Francisco,Piaçabuçu,2019-10-09,AL,2019-11-02,Oleada - Vestígios/Esparsos,2706802,-10.4958555555556,-36.3930833333333
Praia de Busca Vida,Camaçari,2019-10-24,BA,2019-11-03,Oleada - Manchas,2905701,-12.8598888888889,-38.2532361111111
Costa do Atlântico,Nova Viçosa,2019-11-06,BA,2019-11-06,Oleada - Vestígios/Esparsos,2923001,-17.9946277777778,-39.4890527777778
Costa do atlantico,Nova Viçosa,2019-11-03,BA,2019-11-05,Óleo - Não Observado,2923001,-17.9733305555556,-39.4713861111111
Praia do Centro,Prado,2019-11-06,BA,2019-11-06,Oleada - Vestígios/Esparsos,2925501,-17.3168972222222,-39.2200694444444
Pontal do Coruripe,Coruripe,2019-09-27,AL,2019-11-06,Oleada - Vestígios/Esparsos,2702306,-10.1616555555556,-36.1346805555556
Mosqueiro,Aracaju,2019-10-16,SE,2019-11-06,Oleada - Vestígios/Esparsos,2800308,-11.0460694444444,-37.0883972222222
Ponta da Barra,Marechal Deodoro,2019-10-13,AL,2019-10-21,Oleada - Vestígios/Esparsos,2704708,-9.71614166666667,-35.7982027777778
Praia dos Artistas,Aracaju,2019-10-29,SE,2019-11-06,Oleada - Vestígios/Esparsos,2800308,-10.9738916666667,-37.0315305555556
